User Id,Full Name,Email Id,Contact No,password,Access Token
416885,Ajay,rocky_14561310203501_delhi@gmail.com,1456131021,abc123,srcrovd1s2wojyegf7005n2lpjkbvrmf
416886,Rohit,rocky_14561310203502_delhi@gmail.com,1456131022,abc123,9as03zsb3wuc0guyrxw0dufdbqcxufmk
416887,Vinay,rocky_14561310203503_delhi@gmail.com,1456131023,abc123,pb2usmkuo1tgsvdxysprwuwokl2ab7vw
416888,Naman,rocky_14561310203504_delhi@gmail.com,1456131024,abc123,lcr9onk6k6czextp4nhb4dbu5mt1l3g6
416889,Disha,rocky_14561310203505_delhi@gmail.com,1456131025,abc123,m1p1qwu675xgfaazjitmsz0w3h58akv5
416890,Daksh,rocky_14561310203506_delhi@gmail.com,1456131026,abc123,iq2sfd68hiq2sys1w6fbyjy5f2jsy3xm
416891,Vibhu,rocky_14561310203507_delhi@gmail.com,1456131027,abc123,lb6ytwwpzsutz4audk01vd8syskahkbi
416892,Zeeshan,rocky_14561310203508_delhi@gmail.com,1456131028,abc123,gv6hc4ohic1n852cu378nohygh52od0x
416893,Heena,rocky_14561310203509_delhi@gmail.com,1456131029,abc123,tpy44mfryl1dxfjpy5m477v1127yqp2i
416894,Javed,rocky_145613102035010_delhi@gmail.com,14561310210,abc123,0w07tqlgs46dc298yrsa9kcgjb9epomo
416895,Brij,rocky_145613102035011_delhi@gmail.com,14561310211,abc123,bzq0e7avxh2wxiadkiqc1y0ildzivvjt
416896,Seema,rocky_145613102035012_delhi@gmail.com,14561310212,abc123,9pwzvzq9lfw4v6ndczek5gx6cc05ip1v
416897,Vijay,rocky_145613102035013_delhi@gmail.com,14561310213,abc123,zaw6o0vw749tk1wyskpfsj60uoovcbrl
416898,Rahul,rocky_145613102035014_delhi@gmail.com,14561310214,abc123,ujv1l473by0p4mc1fphdr7gnb2n7c30b
416899,Karan,rocky_145613102035015_delhi@gmail.com,14561310215,abc123,pd05xydcm39qjcn2b2fybhjeg4rm2w67
416900,Raj,rocky_145613102035016_delhi@gmail.com,14561310216,abc123,91dbw0fzo0xrsw9q93mgexqlc8i3oyym
416901,Mahi,rocky_145613102035017_delhi@gmail.com,14561310217,abc123,tavjs39mctdu2iiy4huiorpj5ic8p31f
416902,Moksh,rocky_145613102035018_delhi@gmail.com,14561310218,abc123,kq5o89ds9rtozijq3zorvjifngea8igi
416903,Deeksha,rocky_145613102035019_delhi@gmail.com,14561310219,abc123,4yh6jii7fd5mti35udt0rxpg536g22sl
416904,Kajal,rocky_145613102035020_delhi@gmail.com,14561310220,abc123,plmi7ujt5f8luhx9xy2l197ntibup3qv
416905,Komal,rocky_145613102035021_delhi@gmail.com,14561310221,abc123,uwxbsq973p7nlfh7uuhl9hcr90se92xj
416906,Shivani,rocky_145613102035022_delhi@gmail.com,14561310222,abc123,i48yarcvyj17yy0zsm1xlg0nps669uja
416907,Jagdish,rocky_145613102035023_delhi@gmail.com,14561310223,abc123,bf7fc1ledgttcqaot9cq32a990c0vxtk
416908,Honey,rocky_145613102035024_delhi@gmail.com,14561310224,abc123,ql8bgy841u71kii7i7m0fkrpkq2uexa2
416909,Surya,rocky_145613102035025_delhi@gmail.com,14561310225,abc123,q23dcopsgx4k8tln3rg4xokweietxgfv
416910,Neha,rocky_145613102035026_delhi@gmail.com,14561310226,abc123,5wlj1nvqe527wl55eiuucpxwnr79f676
416911,Ravi,rocky_145613102035027_delhi@gmail.com,14561310227,abc123,vjor9h30c1mrtoyx772ois5bv28uq7rs
416912,Ajeet,rocky_145613102035028_delhi@gmail.com,14561310228,abc123,97qxl05ambklrsrsi81e0x52bsxaugkm
416913,Ankit,rocky_145613102035029_delhi@gmail.com,14561310229,abc123,zur4tda40thzrg53yynd9ih27272h1q5
416914,Harish,rocky_145613102035030_delhi@gmail.com,14561310230,abc123,xjfw3ukjh7kwcyy2c92b57gb63eiueza
416915,Dinesh,rocky_145613102035031_delhi@gmail.com,14561310231,abc123,j8vocoqwm2kf6uwgj29vawdgqu03trjs
416916,Dev,rocky_145613102035032_delhi@gmail.com,14561310232,abc123,3ixbi1n0rypt6sgrf6i3ev3b9ozoayzd
416917,Akash,rocky_145613102035033_delhi@gmail.com,14561310233,abc123,x6o3h2m030n1px22vgnudnskqkvrnlio
416918,Abhinav,rocky_145613102035034_delhi@gmail.com,14561310234,abc123,0tt5xs2e6n3um0zjm829k0m3lwmj5max
416919,Salim,rocky_145613102035035_delhi@gmail.com,14561310235,abc123,msxigrec1r4h3opjrg6hq4rotkz25vrc
416920,Akshay,rocky_145613102035036_delhi@gmail.com,14561310236,abc123,kq3o5t62147xsepxacc2o2kqci2vsayp
416921,Satish,rocky_145613102035037_delhi@gmail.com,14561310237,abc123,64rp8dnmok1620t8yu3cm09ozh6ki00z
416922,Amit,rocky_145613102035038_delhi@gmail.com,14561310238,abc123,b2kybdbqrigi63btp4orx5199lox07vg
416923,Mahesh,rocky_145613102035039_delhi@gmail.com,14561310239,abc123,euyl1g5fz87j6m45tggmbqxtzny4p7cd
416924,Jai,rocky_145613102035140_delhi@gmail.com,14561310240,abc123,kficu4522cape8626go8joxlblncyiqz
416925,Brijesh,rocky_145613102035141_delhi@gmail.com,14561310241,abc123,gogbttgqj0wxwazh51kgxnk6fo67i9gk
416926,Raja,rocky_145613102035142_delhi@gmail.com,14561310242,abc123,q4ofp691h7bbmtp0ypc6f9vmxkzkenpw
416927,Vikrant,rocky_145613102035143_delhi@gmail.com,14561310243,abc123,6xqlc4l5i9o9k8c7fme07gngmpw65zs3
416928,Dilip,rocky_145613102035144_delhi@gmail.com,14561310244,abc123,cqxhq4ma8bn6wrzstyi8gmqev8twmkqj
416929,Danish,rocky_145613102035145_delhi@gmail.com,14561310245,abc123,llsbavwm0mwzqmtivboweupomdes1xt1
416930,John,rocky_145613102035146_delhi@gmail.com,14561310246,abc123,tnzg3f3b7loez9tobq1ytr8efkp1nze9
416931,Ram,rocky_145613102035147_delhi@gmail.com,14561310247,abc123,et9pia27ppdsgc6rnescdq488mhbl55j
416932,Kavi,rocky_145613102035148_delhi@gmail.com,14561310248,abc123,ftkp1h0960zmndvxnfdqxdorss32p6ac
416933,Isha,rocky_145613102035149_delhi@gmail.com,14561310249,abc123,89nnfxf1b299icjsg9zdzhjc9fev5su3
416934,Akhilesh,rocky_145613102035150_delhi@gmail.com,14561310250,abc123,3c6tachxlgeue22zrccj0igoy1565v71
416935,Abhay,rocky_145613102035151_delhi@gmail.com,14561310251,abc123,wki7hh09xbdsa3km4ai0aa6gwbtzi941
416936,Avinash,rocky_145613102035152_delhi@gmail.com,14561310252,abc123,e602jyznjfxxq85vwjjq7efsdusgq0hx
416937,Kartik,rocky_145613102035153_delhi@gmail.com,14561310253,abc123,m4byg50pcrl6vvne5x39075l6kzh0fv2
416938,Vimal,rocky_145613102035154_delhi@gmail.com,14561310254,abc123,kbpqj4yuiikbo5ocf8p51oerajotrvxd
416939,Vikas,rocky_145613102035155_delhi@gmail.com,14561310255,abc123,laotzbgmas8v7h7rjaop0cbqft5ebp40
416940,Aneesh,rocky_145613102035156_delhi@gmail.com,14561310256,abc123,8ujt6vuw4vmn56kbtnl0ypgxtbma2ly6
416941,Veer,rocky_145613102035157_delhi@gmail.com,14561310257,abc123,ppeodefjipmstfbefba1pdi8kv1aouzw
416942,Devesh,rocky_145613102035158_delhi@gmail.com,14561310258,abc123,00fd9aw1a1k4i9t5kqrwaphkby7b1gvr
416943,Vishal,rocky_145613102035159_delhi@gmail.com,14561310259,abc123,micecnzdwixx76pn5feu4mmyll853nan
416944,Vineet,rocky_145613102035160_delhi@gmail.com,14561310260,abc123,3x6neb9tz81sofentbrovxmib61xbvoc
416945,Brij,rocky_145613102035161_delhi@gmail.com,14561310261,abc123,4sdyektdr6m2b2511if0eith506ziler
416946,Vaibhav,rocky_145613102035162_delhi@gmail.com,14561310262,abc123,7vx1xdgzvblvriv0qoelshyvjfrqn1vy
416947,Rakesh,rocky_145613102035163_delhi@gmail.com,14561310263,abc123,tm7x9xgkjz8edoioddd0d20r1g9r17zd
416948,Janvi,rocky_145613102035164_delhi@gmail.com,14561310264,abc123,4dmwe2ktpwal5xizq9kpu736yibehc2q
416949,Amar,rocky_145613102035165_delhi@gmail.com,14561310265,abc123,i7ltbgnxket54315lv3i804220w4mbzy
416950,Ashish,rocky_145613102035166_delhi@gmail.com,14561310266,abc123,7yqa7zemo8d8kpptm3fulszq7xj2av3v
416951,Ranjan,rocky_145613102035167_delhi@gmail.com,14561310267,abc123,yj4h3x1oo4hv0loex3pu3jqg8gftc53z
416952,Pratap,rocky_145613102035168_delhi@gmail.com,14561310268,abc123,hnrd269uo0okpqggc97pty22tj79ag6p
416953,Nishant,rocky_145613102035169_delhi@gmail.com,14561310269,abc123,2su681gf7ivtin66jspqsk4io08wnf6y
416954,Raja,rocky_145613102035170_delhi@gmail.com,14561310270,abc123,2kuq66eocci4291vspddlxkupxupfs8s
416955,Vivek,rocky_145613102035171_delhi@gmail.com,14561310271,abc123,lyq7xfc6ptz3ye43b0l88vyzwsygtc80
416956,Rishi,rocky_145613102035172_delhi@gmail.com,14561310272,abc123,9ek1pt1r8wx5zdl2op5zb4go55wrorot
416957,Ansh,rocky_145613102035173_delhi@gmail.com,14561310273,abc123,frosaeevxoa3c2avwr77xua3mz04oyl2
416958,Neeraj,rocky_145613102035174_delhi@gmail.com,14561310274,abc123,3r210iezorgc99ja0aauiitlyf6cu5o5
416959,Vishu,rocky_145613102035175_delhi@gmail.com,14561310275,abc123,zaml4w5787ogzfqvemcxg30n1un4nw30
416960,Reena,rocky_145613102035176_delhi@gmail.com,14561310276,abc123,qeqwh99gvswcuhoy03znmk6j2l4vg6ng
416961,Jagdish,rocky_145613102035177_delhi@gmail.com,14561310277,abc123,wigi4st73n81z41xyaen65zuave4awfo
416962,Amitabh,rocky_145613102035178_delhi@gmail.com,14561310278,abc123,6setgb0pnqr4gnw2zn3q6zdxuphd7mhc
416963,Rashmi,rocky_145613102035179_delhi@gmail.com,14561310279,abc123,gs7n2nukq5xhavr5ktjq6gxsbf5rrmas
416964,Shivani,rocky_145613102035280_delhi@gmail.com,14561310280,abc123,jlzeyfu2oqu4ibhnc07hyyklp1wo73l8
416965,Nimesh,rocky_145613102035281_delhi@gmail.com,14561310281,abc123,8acngmlgn0mjg265yacql17q9t6kave5
416966,Sandeep,rocky_145613102035282_delhi@gmail.com,14561310282,abc123,fc7831tlcyplv5yy4x9cox7jct641yht
416967,Vishwas,rocky_145613102035283_delhi@gmail.com,14561310283,abc123,ephz67ltqt1hfwcqb4yeplxm0uowk9sc
416968,Saurabh,rocky_145613102035284_delhi@gmail.com,14561310284,abc123,tmoj90bxb019cj3nfhgzonp3uu1vlvn3
416969,Vinod,rocky_145613102035285_delhi@gmail.com,14561310285,abc123,5g3up3w59ercfyd0j3w3aywlujb2omax
416970,Vidhya,rocky_145613102035286_delhi@gmail.com,14561310286,abc123,zb8uksz2l9065ziym1t3lys95uyvt0j4
416971,Manisha,rocky_145613102035287_delhi@gmail.com,14561310287,abc123,hgeohyj9ilfxhwtkqpklp0vaek8qqnyv
416972,Nirmal,rocky_145613102035288_delhi@gmail.com,14561310288,abc123,cgikjo0nix0ddtjcal03bv78wmvxwfvl
416973,Shivika,rocky_145613102035289_delhi@gmail.com,14561310289,abc123,mlorn7nmt5ahfkk0vev9of2lnyjux39s
416974,Randeep,rocky_145613102035290_delhi@gmail.com,14561310290,abc123,1rbm30of23x3s5aaakvpr5ezwfxcspca
416975,Jai,rocky_145613102035291_delhi@gmail.com,14561310291,abc123,blfluiz1jztgpujuy2ym6tmuszwda03r
416976,Shiv,rocky_145613102035292_delhi@gmail.com,14561310292,abc123,7iv4wlfbp21cq8vfzs5fw318jppbvfc5
416977,Rakesh,rocky_145613102035293_delhi@gmail.com,14561310293,abc123,d7ygc502irstjsozucw3ckziu0l73kef
416978,Summer,rocky_145613102035294_delhi@gmail.com,14561310294,abc123,mvgde6xix7nmo8jddiowskv8v0vk09fo
416979,Neeta,rocky_145613102035295_delhi@gmail.com,14561310295,abc123,f0mpw5sa84t26woimzoo2qb153yokx47
416980,Ankita,rocky_145613102035296_delhi@gmail.com,14561310296,abc123,cjograh7eqc03nh6r2a0pi92tev2xvtm
416981,Arun,rocky_145613102035297_delhi@gmail.com,14561310297,abc123,p9f823y0tykfg68lhg44cpjz15q5ha6g
416982, Ankur,rocky_145613102035298_delhi@gmail.com,14561310298,abc123,iwgs84n3pva1wq85ti3wmkbs1t2pitnu
416983,Anoop,rocky_145613102035299_delhi@gmail.com,14561310299,abc123,nnocmp42nekv8w3gqjegsg3wkqwe1f4z
416984,Rajiv,rocky_1456131020352100_delhi@gmail.com,1.46E+11,abc123,hqpc5ix5lobnr60jgjbjw8xcpabv3d1x
416985,Aniket,rocky_1456131020352101_delhi@gmail.com,1.46E+11,abc123,ejjg8fdfao7y8luza0e7k4m4hrndn367
416986,Ajit,rocky_1456131020352102_delhi@gmail.com,1.46E+11,abc123,c2kxs44zyg88hpcp9v1k6s9g0iq8jn63
416987,Mathew,rocky_1456131020352103_delhi@gmail.com,1.46E+11,abc123,ke7o9m0icug8hj2zuk2iaffp2wm7ti3e
416988,Kuldeep,rocky_1456131020352104_delhi@gmail.com,1.46E+11,abc123,knxtg2l5wv5lfgfgd73sfikg8nhbo5vk
416989,Jeevan,rocky_1456131020352105_delhi@gmail.com,1.46E+11,abc123,c196hq9qg691yhhm6khmnp650e7sppfy
416990,Manorama,rocky_1456131020352106_delhi@gmail.com,1.46E+11,abc123,5h8bddyqryqczaaq7q6c4lin921zbde4
416991,Mahe,rocky_1456131020352107_delhi@gmail.com,1.46E+11,abc123,rveosy9a37ssxl2zftsiz71bjnuvbizl
416992,Dhruv,rocky_1456131020352108_delhi@gmail.com,1.46E+11,abc123,04gh6m8gwamz35pkuurzwoku17gqzsg0
416993,Abhay,rocky_1456131020352109_delhi@gmail.com,1.46E+11,abc123,iojvdawb1fr5mgkjef4ngtn8rjjw4wnx
416994,Ved,rocky_1456131020352110_delhi@gmail.com,1.46E+11,abc123,wwgrojhghkotk2ymh9dhtfpqkfzusvgk
416995,Anita,rocky_1456131020352111_delhi@gmail.com,1.46E+11,abc123,d9h2lv1qw4c6wdy0gcspg34xy0t2vhx8
416996,Pooja,rocky_1456131020352112_delhi@gmail.com,1.46E+11,abc123,o47v54sbwlc3rlgf82szh3a3bb69j1dp
416997,Arnav,rocky_1456131020352113_delhi@gmail.com,1.46E+11,abc123,rhwxx1g7pupxw0kdh6a16e29cbk54vm0
416998,Nishu,rocky_1456131020352114_delhi@gmail.com,1.46E+11,abc123,ayngwir9i9o3vr4r2eof91an55gr1d6o
416999,Rituraj,rocky_1456131020352115_delhi@gmail.com,1.46E+11,abc123,07jparlvwjc10vq0nyimp0nu3recgrbz
417000,Sudha,rocky_1456131020352116_delhi@gmail.com,1.46E+11,abc123,o542jfra616p4a9l0ccbily25kwcm09b
417001,Dharam,rocky_1456131020352117_delhi@gmail.com,1.46E+11,abc123,1yg45prefghum59rrmw40zw426gu1za7
417002,Vikram,rocky_1456131020352118_delhi@gmail.com,1.46E+11,abc123,hy7hwdrizh4jddlkq3kkiaxsjzaktk1i
417003,Vishnu,rocky_1456131020352119_delhi@gmail.com,1.46E+11,abc123,61b5dlc7whr5q6upeo7hlrhnvnbpx0o0
417004,Ansh,rocky_1456131020352120_delhi@gmail.com,1.46E+11,abc123,bo5coknieikku6uui4i9l4lcf09fs9uz
417005,Vivaan,rocky_1456131020352121_delhi@gmail.com,1.46E+11,abc123,enq2on650aerv38iq3pzuz4zouunnl05
417006,Anjali,rocky_1456131020352122_delhi@gmail.com,1.46E+11,abc123,gi8wqkrlmz0rdpo889uf5eb45pvxj4uy
417007,Rachit,rocky_1456131020353123_delhi@gmail.com,1.46E+11,abc123,5sqagzk1ig72oc8y35qh4p93q66o8or1
417008,Nidhi,rocky_1456131020353124_delhi@gmail.com,1.46E+11,abc123,kswstdln0gld3y57f7jivnkc1fr58fff
417009,Khushboo,rocky_1456131020353125_delhi@gmail.com,1.46E+11,abc123,jxq7ehug7zwfnubg8f6kw8gq1rq1vt2c
417010,Diwakar,rocky_1456131020353126_delhi@gmail.com,1.46E+11,abc123,3cdbdfn4w5apu1czpm3e6ch6xpwjnt26
417011,Uday,rocky_1456131020353127_delhi@gmail.com,1.46E+11,abc123,y1p8hmn5mgm67oiabxb95jvng3ia4n2d
417012,Nisha,rocky_1456131020353128_delhi@gmail.com,1.46E+11,abc123,qdwz7dcgixb5uvvwvfhuk2oov0bjn0ko
417013,Mahe,rocky_1456131020353129_delhi@gmail.com,1.46E+11,abc123,r071h2vfdqflfujch91c9kmzvho4pcm4
417014,Ved,rocky_1456131020353130_delhi@gmail.com,1.46E+11,abc123,6k057u1anhkmrfd4rcwirurv8hm0adsm
417015,Ram,rocky_1456131020353131_delhi@gmail.com,1.46E+11,abc123,n72wgcvxmxe1v5qs3inhc6g5olw6dpoe
417016,Sameer,rocky_1456131020353132_delhi@gmail.com,1.46E+11,abc123,nbd2w6kxd63ej6uem5i43jlt3clwdmlo
417017,Devik,rocky_1456131020353133_delhi@gmail.com,1.46E+11,abc123,kjh98il9jmqfpxb31h2oynya6xmlc3ir
417018,Anoop,rocky_1456131020353134_delhi@gmail.com,1.46E+11,abc123,xjzn6khy8o4vt69c1lnyrh41064b493h
417019,Rima,rocky_1456131020353135_delhi@gmail.com,1.46E+11,abc123,y7d6jo1wqf71argeqx3l6tcuq9hj2y9u
417020,Vikas,rocky_1456131020353136_delhi@gmail.com,1.46E+11,abc123,fgx8mfrt2agbmz3o031cph5seo3xlhjo
417021,Abhishek,rocky_1456131020353137_delhi@gmail.com,1.46E+11,abc123,yzthg5kax4e2xexs9bchvwampn4oa0dx
417022,Akhilesh,rocky_1456131020353138_delhi@gmail.com,1.46E+11,abc123,2v0s92o1te4ka4g8c05lnb783048ib0f
417023,Nirmal,rocky_1456131020353139_delhi@gmail.com,1.46E+11,abc123,yg01wqthltglduhind8aeuhqnprxwqd8
417024,Akhilesh,rocky_1456131020353140_delhi@gmail.com,1.46E+11,abc123,ilsff27p1331big5u9d3a93flon592uq
417025,Deepak,rocky_1456131020353141_delhi@gmail.com,1.46E+11,abc123,d7uuoqjwv9f86ldzrr4jb2rqxk2o79qg
417026,Gimmy,rocky_1456131020353142_delhi@gmail.com,1.46E+11,abc123,729l5upaykcoydknw9lhaer0876jru9e
417027,Rajesh,rocky_1456131020353143_delhi@gmail.com,1.46E+11,abc123,ok1we85o296tmn7mwpf4fi1gr0b8armx
417028,Vinu,rocky_1456131020353144_delhi@gmail.com,1.46E+11,abc123,exp58b3elhgbd3snhaebk7dh4qtl8i20
417029,Shashi,rocky_1456131020353145_delhi@gmail.com,1.46E+11,abc123,39bb5n5280ojprva5esx9rvz5tr7b1xz
417030,Chinu,rocky_1456131020353146_delhi@gmail.com,1.46E+11,abc123,n088j99xhqv1i611r8p91up8falg8zaj
417031,Ankur,rocky_1456131020353147_delhi@gmail.com,1.46E+11,abc123,fuk58sjxjrdebt14wg3n3txrz9n4hcht
417032,Rima,rocky_1456131020353148_delhi@gmail.com,1.46E+11,abc123,hakfb6z02iszkuodoynyojkz88s12brq
417033,Ankit,rocky_1456131020353149_delhi@gmail.com,1.46E+11,abc123,289ktygechyfrzty1gubjmuidtdeyxeo
417034,Urjita,rocky_1456131020353150_delhi@gmail.com,1.46E+11,abc123,60w3koagzuxf7ts0mt3t9t80mp6acm32
417035,Praveen,rocky_1456131020353151_delhi@gmail.com,1.46E+11,abc123,en0ydw0syw6esrap0r6sq5q0opaq8xb4
417036,Naveen,rocky_1456131020353152_delhi@gmail.com,1.46E+11,abc123,dzagd0cggr6atyevkk50l4946sd7wc9w
417037,Raunak,rocky_1456131020353153_delhi@gmail.com,1.46E+11,abc123,ua2n8yc2kl588go3lfrrwnwen6ddpii0
417038,Ritesh,rocky_1456131020353154_delhi@gmail.com,1.46E+11,abc123,3dt4dyxotfz6y4cdvhuiingvgxo9s5sl
417039,Ajit,rocky_1456131020353155_delhi@gmail.com,1.46E+11,abc123,03zvf1d2d69snnvpg251gfmh5mznymq9
417040,Swati,rocky_1456131020353156_delhi@gmail.com,1.46E+11,abc123,g8ajtpli2ku2gfr5lh0cl5f5rbaqslg9
417041,Vishnu,rocky_1456131020353157_delhi@gmail.com,1.46E+11,abc123,smds1deo7bk844676fo7r7hckrwnw1sn
417042,Satish,rocky_1456131020353158_delhi@gmail.com,1.46E+11,abc123,qsseplkczs5jvc213pjumke3xigbni6y
417043,Kamal,rocky_1456131020353159_delhi@gmail.com,1.46E+11,abc123,s8fz5tffpy3v0kilasq9nsxzt48j93ky
417044,Riwaz,rocky_1456131020353160_delhi@gmail.com,1.46E+11,abc123,bbxw3y1nkkgssbmn5i05lprnsang9snf
417045,Ritika,rocky_1456131020353161_delhi@gmail.com,1.46E+11,abc123,eolr21dr0moe86ctjgkhx3jmau9efput
417046,Rachit,rocky_1456131020353162_delhi@gmail.com,1.46E+11,abc123,cwc8n1owrb9e17qcfdnkfndt2y1r3ts8
417047,Akshita,rocky_1456131020354163_delhi@gmail.com,1.46E+11,abc123,ommznkxh48s317hjbw24a06mmnmgw9ml
417048,Gaurav,rocky_1456131020354164_delhi@gmail.com,1.46E+11,abc123,0s14vjpolie7ejuvvt3trha68rhoxuha
417049,Kritika,rocky_1456131020354165_delhi@gmail.com,1.46E+11,abc123,ph2kn0gnz9u1us4ymo3ovkj1bwjmub6p
417050,Shikha,rocky_1456131020354166_delhi@gmail.com,1.46E+11,abc123,jeapwg9drd7vtpljok94lxbpwqom9d1w
417051,Vipin,rocky_1456131020354167_delhi@gmail.com,1.46E+11,abc123,d9vxx0anv2rbywr2zlriatluao4pvlsu
417052,Vicky,rocky_1456131020354168_delhi@gmail.com,1.46E+11,abc123,ph6w0p2n88mglb43j44p1w7eyzczxa8b
417053,Aadesh,rocky_1456131020354169_delhi@gmail.com,1.46E+11,abc123,beibz15zana1o0ryfnwfs5n07nallnky
417054,Arpita,rocky_1456131020354170_delhi@gmail.com,1.46E+11,abc123,ck58tthbfwsxdsyko9ty3ngs459qgwnf
417055,Kalpesh,rocky_1456131020354171_delhi@gmail.com,1.46E+11,abc123,phr9sityj4fqnh2hqrc6yw02y84i7p2d
417056,Atul,rocky_1456131020354172_delhi@gmail.com,1.46E+11,abc123,mosp13ik9738jufujxn8p5e2hce5o7ia
417057,Bhavesh,rocky_1456131020354173_delhi@gmail.com,1.46E+11,abc123,gsd2uyn4ul5kkhz26iuuut8uflujteid
417058,Neeti,rocky_1456131020354174_delhi@gmail.com,1.46E+11,abc123,m8t3e11usgo7y75v7rd7py33d9dp049l
417059,Mohak,rocky_1456131020354175_delhi@gmail.com,1.46E+11,abc123,b6pdoai8vjlng201ep8k1n4c797n9vuy
417060,Vinamra,rocky_1456131020354176_delhi@gmail.com,1.46E+11,abc123,nylwarlby4ky0h65kef3mhj18f7pmst0
417061,Jyoti,rocky_1456131020354177_delhi@gmail.com,1.46E+11,abc123,c6x8j9jlqxrmnajarv56wzoqi5whqf44
417062,Jayesh,rocky_1456131020354178_delhi@gmail.com,1.46E+11,abc123,kbhs71dapchnmpa7fhcqqpdkdvv6vdnz
417063,Ritwik,rocky_1456131020354179_delhi@gmail.com,1.46E+11,abc123,xrpdk7n3rrtn81e3s9fizvpd972p9wve
417064,Aneesh,rocky_1456131020354180_delhi@gmail.com,1.46E+11,abc123,zy1en37py7q5m2jcnvqldhpd9mqo9c9y
417065,Deepak,rocky_1456131020354181_delhi@gmail.com,1.46E+11,abc123,3fa8cf3j4zwy5rblb5qudytbhl5vqn3l
417066,Rohit,rocky_1456131020354182_delhi@gmail.com,1.46E+11,abc123,ehxnwtsjhtfzge153qn5szy1l5ga9uuf
417067,Keshav,rocky_1456131020354183_delhi@gmail.com,1.46E+11,abc123,hn55loep09rloy2fx7tajy8ati01iwag
417068,Shanti,rocky_1456131020354184_delhi@gmail.com,1.46E+11,abc123,09nvr4t7eovu22xodto6vq3o40cs9m4y
417069,Dheeraj,rocky_1456131020354185_delhi@gmail.com,1.46E+11,abc123,ugugi6xy12p8m6o6y3htsmv20h5t6tvq
417070,Neerja,rocky_1456131020354186_delhi@gmail.com,1.46E+11,abc123,lhp3vbf9owv3b4fok8v1e79a3g3m2fdf
417071,Vicky,rocky_1456131020354187_delhi@gmail.com,1.46E+11,abc123,lwrp7v7wq8c21ml7szy0fe7hkudy9r8j
417072,Anubhav,rocky_1456131020354188_delhi@gmail.com,1.46E+11,abc123,icd2u4jovx3w581nv5u208mk2fk26kd4
417073,Virat,rocky_1456131020354189_delhi@gmail.com,1.46E+11,abc123,cwz448emnelejv8g2985pk483ueh83px
417074,Komal,rocky_1456131020354190_delhi@gmail.com,1.46E+11,abc123,ha9plqn9ms0a5sh26lvrmxlgke6k5z2v
417075,Keerat,rocky_1456131020354191_delhi@gmail.com,1.46E+11,abc123,ui2n41hkf5hbb4rft1oa1wdr1ptxr6lr
417076,Anjali,rocky_1456131020354192_delhi@gmail.com,1.46E+11,abc123,6imp94fwltdx85cexa5o9da8g3yiye8b
417077,Deep,rocky_1456131020354193_delhi@gmail.com,1.46E+11,abc123,9ls88xmvfcs2net3cyvrvuq5rzh2chl0
417078,Raja,rocky_1456131020354194_delhi@gmail.com,1.46E+11,abc123,bqiiwukfpkeu4kso2ufs56zn827ko6e4
417079,Jayesh,rocky_1456131020354195_delhi@gmail.com,1.46E+11,abc123,3uga127kc3cjw6kn6tlucne9uppsoac3
417080,Ranjit,rocky_1456131020354196_delhi@gmail.com,1.46E+11,abc123,dqjmhl0j8demcpra4xghdvn22e5f0uge
417081,Prabhat,rocky_1456131020354197_delhi@gmail.com,1.46E+11,abc123,8ozcbjjg4bh57kyrsffmew594bses6rs
417082,Prakash,rocky_1456131020354198_delhi@gmail.com,1.46E+11,abc123,8c7pmqr69dpopdtocdtlkipep3rv8k4o
417083,Vidhya,rocky_1456131020354199_delhi@gmail.com,1.46E+11,abc123,27o62roijybr68dniaytxi148jywmdij
417084,Yash,rocky_1456131020354200_delhi@gmail.com,1.46E+11,abc123,ehm1ifblkfjs3l7r3wjc86dp0onmef3r
417085,Gagan,rocky_1456131020354201_delhi@gmail.com,1.46E+11,abc123,g4vp3m3yd2ngqur9q1afp4uqnu3ckfqn
417086,Vishwas,rocky_1456131020354202_delhi@gmail.com,1.46E+11,abc123,gbrwcli671dfs0o3xtreobb1lmpjnshs
417087,Ritu,rocky_1456131020354203_delhi@gmail.com,1.46E+11,abc123,lp0fkclvbxqu1tfto50gxg3s12eba8ij
417088,Priya,rocky_1456131020355204_delhi@gmail.com,1.46E+11,abc123,xjo4765jp1o5xt4nfmuj8cwu36g3fyyj
417089,Mohak,rocky_1456131020355205_delhi@gmail.com,1.46E+11,abc123,tvpryc2kknf37qyl8h4tqo1z3x513ga4
417090,Jeevan,rocky_1456131020355206_delhi@gmail.com,1.46E+11,abc123,0kdhlww8kglke9w54vft9h7xd7ahgj4t
417091,Shivika,rocky_1456131020355207_delhi@gmail.com,1.46E+11,abc123,jnyv024ihzpyw8vs43hj3fpz7kxkxybd
417092,Ritika,rocky_1456131020355208_delhi@gmail.com,1.46E+11,abc123,x4j7ijj7032jk1yumx05sdgvlv0ka4dc
417093,Isha,rocky_1456131020355209_delhi@gmail.com,1.46E+11,abc123,1abos4vd3hgjaf27nsx8oosrv5uyc863
417094,Sourabh,rocky_1456131020355210_delhi@gmail.com,1.46E+11,abc123,9nmlwr23p7ad4otnuocygtaxav3qiw56
417095,Akhilesh,rocky_1456131020355211_delhi@gmail.com,1.46E+11,abc123,s7czmuh8c9e8kdsu2elh0q95bpsuj6g3
417096,Jayesh,rocky_1456131020355212_delhi@gmail.com,1.46E+11,abc123,2mhojninyjc92cmwk27flykihp0phfqc
417097,Parul,rocky_1456131020355213_delhi@gmail.com,1.46E+11,abc123,8sz6l11upbadimsu657ayu2sz15o8gl0
417098,Jatin,rocky_1456131020355214_delhi@gmail.com,1.46E+11,abc123,73uoymz4ri22f460vnyy0lwag1qcug2i
417099,Pallavi,rocky_1456131020355215_delhi@gmail.com,1.46E+11,abc123,r967nzm0tbzdl7d5sl7dyra8tdigyvg7
417100,Pawan,rocky_1456131020355216_delhi@gmail.com,1.46E+11,abc123,7iwnamc28glmnvot114pomeh3k37dzs7
417101,Amit,rocky_1456131020355217_delhi@gmail.com,1.46E+11,abc123,e46ssw064gj1jv8bo29ypwx0ezwwyqfi
417102,Vijendra,rocky_1456131020355218_delhi@gmail.com,1.46E+11,abc123,o93dhs4fb8e2m2qj6w4rqhl7jdvuo6zm
417103,Vedic,rocky_1456131020355219_delhi@gmail.com,1.46E+11,abc123,hmsezhzlshpbi5vz3523fqku8c1hhbdz
417104,Vikalp,rocky_1456131020355220_delhi@gmail.com,1.46E+11,abc123,mkp3f43zpoaispch7m8iwo04knesqkgf
417105,Vaibhav,rocky_1456131020355221_delhi@gmail.com,1.46E+11,abc123,3na48ip368nlymxo06oyp5cbheaa0kha
417106,Diwan,rocky_1456131020355222_delhi@gmail.com,1.46E+11,abc123,u9rfxhtcqtykjlsb5qv1hlszvh2u3sdb
417107,Sakshi,rocky_1456131020355223_delhi@gmail.com,1.46E+11,abc123,v1wk1ohz06r1y956h9uxyhclspmapspf
417108,Dilip,rocky_1456131020355224_delhi@gmail.com,1.46E+11,abc123,ei13jhrrbnt2wqna6mv03fatfjjijsfl
417109,Vijit,rocky_1456131020355225_delhi@gmail.com,1.46E+11,abc123,hu1hxgyla16jyr8mujpokfc253twy18k
417110,Daksh,rocky_1456131020355226_delhi@gmail.com,1.46E+11,abc123,prbcsg5kc7e280h82ujnw5f77lb7l7py
417111,Tarun,rocky_1456131020355227_delhi@gmail.com,1.46E+11,abc123,aqxtp4f3pcblvnj8rvs64z3akka9mlep
417112,Nirbhay,rocky_1456131020355228_delhi@gmail.com,1.46E+11,abc123,muv6zuucgpto1t1hyxk5j8aguz3a1tik
417113,Nitish,rocky_1456131020355229_delhi@gmail.com,1.46E+11,abc123,okjpz6ig0btjjw52x6p0c6mq8q5dqz8p
417114,Sunny,rocky_1456131020355230_delhi@gmail.com,1.46E+11,abc123,vkl0uil4gxtbe2nmwubygdrl07dmhv3m
417115,Anubhav,rocky_1456131020355231_delhi@gmail.com,1.46E+11,abc123,5a6n2ytwi5rgykz4yw03u7eon6xj4d5a
417116,Prabha,rocky_1456131020355232_delhi@gmail.com,1.46E+11,abc123,u925ga8rgmamqwjdbqvw0344471a6u1r
417117,Vibhuti,rocky_1456131020355233_delhi@gmail.com,1.46E+11,abc123,lcok3lzleewngw78lhrwbg2heovisezz
417118,Shekhar,rocky_1456131020355234_delhi@gmail.com,1.46E+11,abc123,wafwos3phf47ov1vgwwz4xxuml6sttgl
417119,Javed,rocky_1456131020355235_delhi@gmail.com,1.46E+11,abc123,a0fxwqa3x9zpsf37bj4drctk8i8l05x4
417120,Vicky,rocky_1456131020355236_delhi@gmail.com,1.46E+11,abc123,f0dyu0f2qxhcdzprhrwboq9qdl5uyhpb
417121,Rachit,rocky_1456131020355237_delhi@gmail.com,1.46E+11,abc123,fvshp1ox3sel5ako8ode4awn6awxn5cx
417122,Devik,rocky_1456131020355238_delhi@gmail.com,1.46E+11,abc123,8ol2h3dcctlf1z8vabbcvufm85sp1dz9
